69015093121,99.38468099364881
69019013910,98.8029950166529
69023024255,0.8934676573825043
69960403145,3.184749728896753
70000126492,1.211908817512775
70019726558,98.39626961988427
70026027502,2.836733762380757
70030027503,7.06257284679148
70063226645,98.71733164450075
70063727406,1.580809100404638
70063899999,99.3591797500801
70086027401,98.99304837503779
70104026631,0.0
70104326623,98.58141723813365
70119526625,99.05972741506318
70119600102,80.96757099365135
70121026624,99.28341066210834
70133026616,1.806023628935937
70133326643,12.253421479052712
70133526648,98.80824819846717
70133700103,82.98553012365167
70133899999,0.0
70148626642,14.024892207125333
70162526542,98.41701442513062
70171826551,97.74073370395764
70171900490,64.450014744913
70173026535,99.94572297003907
70174026533,2.6419963310482846
70178026529,2.327765538186063
70194026413,99.39459543047126
70194546405,99.14658803706824
70197526422,2.6473225201727932
70199526628,97.73378585130591
70200026617,1.0015009347927217
70200526647,95.89128208516402
70200626502,6.420747212623068
70203526704,97.1217507582923
70204026703,97.02880395486876
70207026627,97.9568703602189
70207526644,97.51712117599665
70208426650,98.07464655347358
70212026646,99.96629562286576
70218526622,99.15707236842105
70218626651,97.89238384160946
70219026615,1.0971745560831745
70222026501,80.24542853965976
70222326602,97.42220815565032
70231026510,3.0795018736781135
70231526536,0.0
70232026516,95.65994946881374
70232526443,96.6592685963515
70235026534,96.5542521994135
70246026512,97.82200059032795
70251026528,0.8372974775755236
70259026523,0.8934997454666737
70259526559,97.09502869006556
70260026435,2.1088026535005975
70260725378,86.63765352110381
70261026411,1.4026279524967304
70261526498,96.70244943953502
70262500104,99.18299096351618
70262699999,98.92106273188622
70262726561,96.53182696389739
70262800105,97.61265085018684
70264546403,97.86591920093929
70265026407,96.8698725230342
70267026415,10.488896690950583
70268527518,98.2674344209853
70268600106,97.63750523231478
70269700107,96.98250110396302
70271026425,1.191970437728761
70271546407,98.63838184509127
70272026401,94.81529194034184
70272526491,1.5823627414434498
70273026451,1.1858262602146952
70273526409,1.2970809971928277
70274025331,1.131997961186468
70274626497,97.70893253348673
70275626479,90.6514306280367
70277026438,1.3821091833657944
70291026412,8.845860140964987
70296026410,1.46644551509886
70305025623,99.96023389698772
70305126521,97.00025752427788
70305226652,95.09109860329372
70305326654,96.14465231320861
70305400108,99.02492224421376
70305500109,99.14737016209064
70305626635,85.7316568781537
70305726653,96.17328161570717
70305800110,96.70504168320763
70305999999,96.71358223029371
70306125521,95.80755104066708
70308025713,9.109022127428004
70316025624,2.528656941738199
70316525617,92.24872165793809
70321025513,97.06856493153394
70326025503,1.2277637849175493
70333025508,95.5489977092827
70333325518,91.6721706680757
70333425519,93.98561315555266
70340025506,1.3735058187498903
70340726553,98.04045408313921
70341025507,1.3015279569609366
70343025402,92.3279375800629
70350025501,2.27220866756771
70360525604,95.46891114142187
70360625629,95.83113977362464
70361025339,5.106679496963865
70362025335,1.0194067661222224
70362125516,1.9917039499955178
70362625323,1.107645492582731
70364427515,4.312530055669212
70365526552,98.10587663914522
70367025322,93.78275771967846
70371025333,1.217307354748113
70381025309,0.8481731946842742
70383025310,89.12063558436128
70383525628,4.027058967358084
70385525369,92.97716783073969
70386025329,78.05633827544132
70387025338,83.09228771018358
70388425376,89.32805345873035
70389425367,5.921012596604394
70392500112,98.16483785770687
70392699999,97.65419384368921
70395025325,1.8378900250142625
70398025308,5.865504247187189
70398525377,91.25572599970657
70414045715,95.3737426292057
70454025704,80.09661468238875
70489025616,73.849624223232
70489099999,98.04029160460924
72011053983,98.07894984876657
72012063837,98.34363753806404
72013704867,96.00397889879085
72015103049,98.16964212528075
72017063851,94.73117841275017
72017253996,94.2970310911704
72017553919,16.72377602070871
72019854813,2.8248219204877016
72020200118,85.05518249412164
72025400119,91.48474858178146
72025804997,95.59638568968191
72026153976,96.6792749422803
72026563833,94.51373603978152
72026654809,95.15068024161009
72026723224,95.04641902459043
72026853882,99.79110330774455
72026912982,97.87759050367262
72027103044,98.2558903749466
72027294282,93.13424972460366
72027312981,96.31489694756065
72027493799,95.71087323392494
72027612983,97.86088474970896
72027763843,95.07738221432183
72027803704,94.5314156189358
72027903705,95.37308808661905
72028203736,95.07456236903684
72028304927,95.6617113407106
72028404877,94.55068636082036
72028503734,94.74177714723676
72028653977,96.71835852424387
72028753967,96.35494399160284
72028803711,93.9162196096336
72028963836,94.01727058629096
72029153970,97.0646977932028
72029304989,96.05997680752947
72029553972,96.71848296276913
72029653945,94.8334721745806
72029703730,93.97462657360903
72029853971,96.2903976674099
72029953966,96.58780188293082
72030253963,94.3150404084494
72030353973,96.40424261753473
72030464752,94.77537538908804
72030553964,96.71920415933188
72030653879,0.9886786916512482
72030763804,94.77450737900898
72030804992,95.77811666653075
72030904947,96.80192046609065
72031153962,95.52582761974028
72031204964,96.2786139432846
72031303052,98.857458375807
72031493983,96.03613463910284
72031503045,98.40730707217861
72031612984,97.76986076986077
72031703735,94.48144856879642
72031853965,97.0843022303737
72031963841,94.51433789656494
72032053981,97.22914152178937
72032393947,97.03784880107298
72032464753,94.67382836524662
72032604981,97.23735583180003
72032704995,95.38887983042557
72032863832,93.85149700598802
72033063853,95.27129507314449
72033353175,99.02234636871509
72033493764,97.03260482798659
72034253947,97.4232265540932
72034354852,96.06865905724491
72034454920,96.62324760852623
72034594086,98.52729209751206
72034653991,94.58534604184129
72035154919,95.97828134902284
72035363875,94.48941335014987
72035463901,97.7966551632599
72035503732,96.36449037106622
72035613999,97.63395189121145
72035753993,96.6055768614788
72035853999,97.90526168973813
72035923902,98.55006757051311
72036163870,14.824772931598007
72036263874,38.49919131930479
72036363872,12.056349336690936
72036524267,97.98107449989212
72036754927,97.97028623636042
72036854924,97.26403500361715
72036904135,95.46884342423377
72037392824,95.56347826086956
72037492825,95.91726399134969
72037554844,94.28049098981457
72037663880,94.58534308386494
72037713917,96.76579118732363
72037800122,97.24070564465632
72037963882,94.85791950869597
72038163885,94.90145101437682
72038200123,99.49973559851264
72038353847,6.29503056353163
72038400124,92.52583816486009
72038500419,96.32252218077596
72038600125,97.93620218868404
72039100127,98.80125367540147
72039300129,98.14352243861134
72039500130,98.60147246780957
72039700131,96.53260091762428
72040100133,95.52263834544438
72040400134,98.41759775059987
72040500436,97.73249761429686
72040700462,96.85779006213761
72040800136,94.27614392854133
72041100137,97.45205479452055
72041254943,96.32235817185666
72041300138,96.73652414909849
72041400139,95.77369700243045
72042600141,95.87902046783626
72043600142,95.44845196297479
72047900149,95.23094492851705
72049800153,65.50038969519517
72050100155,94.49070219261726
72053300160,96.92244651483783
72054153806,97.94441335571722
72054200166,96.40105657054809
72054300167,95.3062174630719
72054500169,90.20592667001507
72057600174,96.38669123225317
72057700175,97.97115046323444
72057800176,98.52865064695008
72058400181,99.01529656826646
72058600183,95.74755600599649
72058700184,94.58331576950638
72058900185,97.654376021567
72059200186,97.55469220700974
72059400188,96.37351086194815
72059600189,94.6974804078537
72059700190,94.58120811027273
72059800191,94.69693778695084
72059900192,94.7820955913344
72060200194,96.57483717302868
72060300195,95.4254442495827
72060400196,96.45831137345841
72060500197,95.13305100815373
72060700199,94.98336211617033
72060800200,94.87147071217868
72061200203,95.6509718855004
72061300204,94.76806903991371
72061400205,96.24762307204733
72061500206,95.16115405736493
72061600207,98.12418051854671
72061700208,96.5
72062400211,94.63396098961412
72062500212,98.30060103276051
72062600213,97.97635913810238
72062700214,96.60734618141947
72062800215,97.90163655323586
72062900216,97.84445060688155
72063100217,94.84186350323436
72063200218,94.26125554850982
72063300219,94.54069957502452
72063500221,98.03785049686688
72063600222,96.00350731459689
72063700223,97.65968925334484
72063800224,97.5719405390504
72063900225,96.60032640257731
72064354940,95.91476418557494
72064500227,93.83543977302038
72064600228,97.09864603481626
72064700229,96.58437896821125
72064800230,97.17440519413951
72064900231,94.93668218883668
72065100232,93.69293315264478
72065200433,95.5754265347871
72065500235,95.28108849277503
72065900239,97.98834128245893
72066600244,99.88994626788373
72066800246,96.65169456921193
72066900247,98.04640665773327
72067100248,99.6052358196551
72067200485,96.03715170278639
72070154942,96.1785557986871
72071300251,94.63752462036979
72071700442,96.03434178250204
72072500434,99.84329222593173
72072700260,99.58104459547528
72072900435,99.75688181319113
72073400264,97.23912720795607
72073600265,94.65209041217314
72073700266,95.50659696290764
72074200270,97.98814288466066
72074924255,15.287026731309778
72076800274,93.9181017105339
72077100276,96.85598808764094
72096513910,97.80619327786646
72200354930,96.20867534549764
72200454922,97.42871354468029
72200654926,96.89676735743195
72200812995,97.7915611077138
72201012836,1.2788666625705483
72201192813,97.02327439816202
72201292817,97.59765730915927
72201412818,1.485870778961439
72201512850,15.660091509139495
72201612896,1.3016651859579913
72202012839,0.9988677158581223
72202192816,96.640355890576
72202212803,0.0
72202412882,2.1395561134250016
72202512849,3.955900100227045
72202612826,95.3673707977475
72202912888,1.5910146793926105
72203012844,1.525511502778046
72203163839,94.38745179336311
72203254916,97.6016701052786
72203304999,97.26722640169119
72203412812,1.8681381378933726
72203792809,2.009145074130525
72203812897,1.485747324057239
72203912885,2.7899811719062018
72204012838,33.470117324915854
72204112993,95.67424294920657
72204253978,96.69535047491455
72204453930,96.80875941670703
72204512843,0.7874982102313404
72204992805,2.319686361450497
72205012815,0.6486495975563727
72205153932,96.81451091134673
72205253933,97.90546163057377
72205312841,0.9395278777320483
72205453959,1.7284269944997679
72205512861,96.68300160631436
72205612834,0.8479709267110842
72205712854,0.7493400482316335
72205904866,96.57949654362854
72206013889,1.0173002484003195
72206103038,98.30174808037903
72206593837,6.881634288003205
72206603853,15.449714473052204
72206763823,97.82413182859962
72206953853,1.1565829047428864
72207003822,0.8250752661745473
72207153935,97.0005492298486
72207303727,94.89209395612012
72207463840,94.22244327215505
72207504871,94.87227571811785
72207694891,95.9862806745335
72207853938,97.76207495819261
72207953888,94.23050267030861
72208013880,0.7460786981365587
72208113730,96.30182244484706
72208204876,95.28239581889487
72208593831,14.01864883616319
72208994959,96.12769080234833
72209003875,95.30317746635217
72209153940,96.04287701497422
72209253941,96.18548196067862
72209304878,94.34188444018221
72209453984,98.57360431030247
72209503030,0.9740074497306197
72209653127,96.97631761301105
72209704936,96.18818541318439
72209864761,93.90163369605789
72209953936,99.34410964722412
72210103039,97.0271923029883
72210312895,0.7343771650270196
72210492806,31.74960543079351
72210612835,0.47310166858306485
72210703056,98.33848851249648
72210812894,1.2046719754827246
72211012842,0.951469775035329
72211253982,96.71630922866208
72211353979,96.90182840104872
72211454901,96.18873718720172
72211512871,1.6554051300442585
72211612873,2.2724123597062493
72212012833,22.36584827712136
72212203050,98.14684686156913
72212312809,97.78778883303251
72212404998,96.72891861034088
72212604879,95.65912204031048
72212704880,95.89751223741013
72212853899,95.41748206131768
72212904939,97.15803628144103
72213103713,94.45258356451897
72213263801,98.069013943224
72213353946,95.8604240859934
72213513870,0.36978004462862607
72213653883,94.38082149946557
72213713878,1.372784804571268
72214093805,1.5105899288153148
72214103731,94.50094850638814
72214204114,15.164358662960819
72214353975,96.1383860958977
72214404945,96.4276237229667
72214612816,0.9529880478087649
72214863824,95.38023759244008
72214904899,96.13361924873824
72215114794,1.739314706745346
72215253957,98.00613116731807
72215453885,96.88402198523656
72215503040,97.77898113733889
72215653873,1.5502612296130867
72215704949,96.48096156231325
72215899999,98.73457545356031
72215912980,97.59293169749131
72216013869,1.7892870999399006
72216453949,95.98941401336317
72216563808,97.77058612010069
72216693845,1.608228286255506
72216703718,94.08589877380642
72216804960,96.26300851466414
72216903058,98.821966995401
72217003813,0.9102160117266016
72217104889,95.17970125888722
72217263810,95.2074228686974
72217353951,96.644641497384
72217423097,98.68870171647472
72217513860,95.17239618353747
72217763811,93.07530493770791
72217853953,96.48058153305837
72217904968,95.65818199658214
72218003820,1.3815622010199333
72218113837,1.0538842112984863
72218204890,95.72679538190594
72218304972,95.33728621412433
72218553838,0.8680484803038577
72218793911,96.45161817320417
72218853985,94.57023180619402
72218992815,98.56799933780316
72219013874,0.3747948283580124
72219103721,94.98429255497605
72219223033,97.75139103998164
72219303722,95.70953328332409
72219404896,95.93106827834042
72219503888,1.0457335213425818
72219653863,0.8403361344537815
72219753819,0.8713087562862196
72219863819,92.56269771385709
72219953956,95.41199725552978
72220012832,48.57783947213296
72220103723,96.14660198132823
72220212985,97.78969781344689
72220404996,95.66078971833053
72220804224,95.32548815073181
72220912986,96.86946152778117
72221013858,95.13127524523946
72221194087,97.23460726517813
72221292814,79.60225373243858
72221312819,1.0579595562764388
72221403070,98.12550076159786
72221513884,3.2118237203824056
72221699999,99.46106543218407
72221800356,97.38731316935389
72222313899,1.811654627004538
72222503855,44.191489848354315
72222693841,20.699750688085636
72223013894,0.9988677158581223
72223100357,98.35349352808842
72223513838,2.1057596482285907
72223863873,51.65525504964054
72223953861,64.6400534491398
72224154925,96.99839555960278
72224303738,94.75597472758905
72224603844,99.006734006734
72224754785,3.0613991474378306
72224800359,96.00583707957728
72224963887,93.96137733728416
72225013829,95.2432999218028
72225153958,95.41964964454877
72225254923,97.21045382429347
72225353992,95.57820482896341
72225593842,0.6056403549579124
72225664774,94.06508921846186
72226013895,1.1480834554854338
72226100360,95.76503021948892
72226513821,94.95193584364544
72226703878,1.365548615812977
72226813839,12.542281704146255
72226903850,96.38712300413957
72227013864,94.54992348003525
72227454939,96.07450430602844
72227553843,13.45832941116065
72227653820,1.3815419475258581
72227953852,2.062124558843906
72228013876,1.0655759288679794
72228403892,95.05262042373504
72228503896,91.39200260873109
72228599999,0.0
72228693806,26.546457398315432
72228713871,1.5720317039559724
72229100470,95.97098943728784
72230053864,1.2232881193466667
72231012916,0.596862958509247
72231203908,95.11073420529044
72231453915,11.517956735202931
72231553917,20.909546579255146
72231612958,69.35315812976532
72231713970,3.3318590594132393
72231953943,95.49259655513177
72232012884,16.52246612097292
72232013970,1.1075969147300389
72232200361,93.06137123038532
72232300362,97.51102506184792
72232403071,98.37357821699281
72232912936,95.9920249058269
72233053865,29.59211438703052
72233154941,95.83727034120734
72233254953,95.96657212756284
72233303069,98.97997994536841
72233403976,94.7310685269617
72233699999,99.03026427962489
72233812994,97.96329023114207
72234013865,1.4868909584039183
72234254931,96.81709634122959
72234503866,12.118465745651712
72234853808,80.86208446009428
72235003940,0.8610625916140754
72235112953,96.7136230740871
72235413927,1.3739168803109951
72235613939,1.1331792427744483
72235703961,93.62720279606069
72235893919,1.0015009347927217
72235913978,2.859510982179859
72236293937,95.78496466052688
72236323098,98.00783157822582
72236423903,96.09222454672246
72236700363,96.57881398884946
72236800364,96.47028622769864
72236900365,99.15623334243405
72239003931,35.70354304530918
72240003937,1.0532875738398477
72240312968,15.320897198127096
72240413941,98.82205944069284
72240513976,2.376041218653723
72240612927,97.90915559772296
72241012917,1.426326922908127
72241612971,1.148734490182504
72242012923,3.6234585276418994
72242712975,1.3513843946890103
72242953910,1.0522540733073054
72243012960,0.5599978934248523
72243512918,1.0392425643150882
72244012918,27.871198883044578
72244453902,0.911247137070153
72244503904,0.4771793399019131
72244693987,3.87083183386144
72244753903,1.0604047632632103
72244813972,1.9520878819922556
72246953912,1.6660010269869345
72247003901,1.360984107904967
72247953907,1.7882613763255057
72248013957,0.33968524256335086
72248453905,1.0026702371261857
72248513944,95.25826018822576
72248613942,1.5316556802921117
72248713935,1.895917632911726
72248803996,1.6143142967995194
72248953911,2.1868301151692493
72249953948,82.20587394772726
72250012919,0.9488365561007295
72250512904,1.22480962198267
72250612959,0.762755751389023
72250812957,1.8973137870961363
72251012924,0.8198088283053481
72251512926,20.848403627530857
72251612928,4.09641092259214
72251712932,6.452692679290068
72252012907,67.56353380749951
72252099999,99.05134286263701
72252312970,2.7420853322612015
72252412972,1.434521432239239
72252612947,1.6887710767232222
72252712976,1.7915216523078679
72253012921,0.453791396396001
72253312962,2.0021241299405768
72253512909,97.00268627173759
72253612911,96.76174496644295
72253712961,97.18542086119328
72253912979,83.70712562855157
72254013904,5.353787832602683
72254153914,1.1456271742068231
72254203999,33.79928110914589
72254312977,1.4710916447963205
72254413958,0.9453255975212632
72254753942,83.17305724925318
72255012912,1.0041341537273214
72255293929,96.49404347648094
72255512935,1.3095875501408771
72256013959,1.369273845991802
72256353952,94.25810723540616
72257003933,44.48182868884037
72257503972,97.2183092756169
72257603902,43.63168750052189
72257793984,97.15516041620617
72258013960,0.7463319480960054
72258313960,0.5132455609040772
72258793955,79.6632727213345
72258813926,95.92777187678732
72258903991,0.7547538899167814
72259003927,0.5863300827708485
72259303985,98.23901128248954
72259453909,0.5860346078295527
72259513911,14.888511976171761
72259613961,0.8830373936051517
72259793985,1.4157940471697283
72259803970,98.94967135794518
72259899999,91.91687971936501
72259903971,1.0587746252720294
72260003969,96.99551963454273
72261022010,1.006767372661921
72261522001,97.79537518705908
72261603032,4.091646357864193
72261823091,15.118714799207753
72262023055,8.237415271321957
72263023034,0.5450763194621211
72263693042,1.354797577303156
72263793046,98.14642659099064
72264093035,98.49496920310646
72264803031,1.9007408977169917
72265023023,0.9751687454467256
72265623040,1.7194919642935513
72266013962,0.9023163549228028
72266693943,96.74946251315127
72267023042,0.4415030413678695
72267603035,98.80875404128327
72267703027,1.8819943108184107
72267823052,1.9596953951722722
72268023009,0.9936012779889228
72268393083,98.29903072798515
72268623008,98.12182820137613
72268793033,1.6536614909285607
72268923077,83.35470696344701
72268999999,0.0
72269200367,94.73029657890854
72269393097,98.89460832838381
72269593041,98.63105943025137
72270023044,0.6477718579115063
72271093045,1.6812604127836652
72272093026,1.3254661545731006
72272093063,98.63756316101713
72272193063,98.36459078400233
72272523078,0.6471647824988386
72272803196,1.1606582497208389
72273003124,35.23629897969357
72273593026,1.545866003697329
72274023160,1.6308402601620309
72274523109,98.2333207788454
72274793084,1.400288534424439
72274803914,99.08316040972561
72276403029,2.7443373081531353
72278023183,0.5740417277427169
72278303185,3.2891731384193696
72278403184,0.6724319213621434
72278523111,98.90988117354271
72278623104,99.62733203267894
72278903192,0.8566375143655911
72280023195,78.93076306813019
72281023199,19.754035357417372
72281353146,18.624016654322716
72281703068,23.857237636731707
72281953989,27.23658265900936
72282003949,9.749985526783721
72282153988,29.853561677835692
72282303749,45.048920599113394
72282693762,16.48441825516096
72286023119,98.25345066333139
72286893138,0.9242882409996007
72286903171,7.781463700902282
72287493134,1.4140385678799954
72288023152,42.97552720150602
72288593197,0.9976444506027434
72288599999,50.89870923639873
72288623130,1.3822851448090134
72289523243,76.06003783341731
72289793206,0.42872629168059073
72289903179,0.7702402008330005
72289999999,0.0
72290023188,0.5433208401723881
72290303131,0.8313703755022862
72290403178,4.212276569211584
72290693112,14.669106191225701
72290753143,98.87227553373503
72290993115,13.1185837477757
72291093116,82.2914493660617
72292023191,2.4868960585474214
72292593117,99.54914131221203
72292603154,59.21677938219704
72292703177,0.5811441938560099
72292800369,46.509420029958434
72293193107,27.671409788621176
72293453121,0.7955073396963053
72295023174,0.7548560945852242
72295303183,99.14063686528628
72295603167,0.629233264595848
72297023129,0.5406876212377885
72297263878,94.56721994931367
72297553141,98.32577772309557
72297603166,0.540390744076486
72297793184,0.8558452327518657
72301003810,28.174564860571056
72301313748,3.5198813394945514
72302013748,16.247838566124518
72303013714,94.48055123360747
72303493747,95.09732766845801
72303593740,0.5933702287898671
72303599999,95.07575757575758
72303793765,1.4394118462127818
72304613766,95.1190821065199
72305563816,94.38849976761442
72306013722,0.8777396448665397
72306513783,94.41649976302232
72306613713,94.59627937627457
72306793726,97.76834463772128
72306893759,0.9275485169819625
72306993753,95.3315450906215
72307013786,32.048214714428816
72307403703,94.76628046344386
72307513769,15.524805421311841
72307993796,95.05576935620638
72308013737,0.7943543786042183
72308313763,94.68249147236111
72308493775,15.289064219286164
72308513750,11.254642091858132
72308693741,1.534435408409345
72308793735,93.72386442324122
72309013754,10.547294189789975
72309593719,1.4825022601795854
72309693727,2.183960674885316
72309793743,50.42430104387181
72309893798,94.4601612627082
72310013883,1.2534122128694187
72310453867,1.2331993903283913
72310503858,94.81916311043312
72310613744,0.8294639643988799
72310700371,94.80869711781561
72310813776,20.638651375775012
72310993782,1.7915216523078679
72311013873,0.6978030176688991
72311403715,93.66444638300301
72311553854,2.2577411177856206
72311603742,95.5061049297829
72311753871,0.8281100995199244
72311853850,0.9772677257129816
72311913886,0.9137269703060678
72312003870,0.4897787218355291
72312263889,97.77133131375845
72312314886,95.53522605955925
72312453874,0.9691170357570769
72312593846,0.8414879036113855
72313993729,1.262189609318084
72314013881,0.5714085088081173
72314303720,95.92991496196525
72314453890,94.3057480635956
72314503810,1.0391763093302733
72314653892,94.71508589412234
72314753870,1.1639185257032008
72314863859,95.39347095848416
72315003812,0.7452009584916922
72315663812,94.43169077999039
72316013870,28.317636422684306
72316563821,93.36534325085691
72317013723,1.018177988045186
72317153144,45.061399700169574
72317493783,0.911247137070153
72317763807,94.66629706328371
72318313877,0.6789493816141783
72319093846,28.09293507359847
72319393807,5.601411954446211
72319453872,1.0538842112984863
72320093801,0.9859337081301492
72323003856,0.6591824732947713
72323163883,96.84924488795829
72323513896,1.0006231951478552
72324013882,0.6820037040613013
72324653868,1.163457860512559
72325003847,28.121239800802762
72326013891,0.661815692229371
72326503847,1.351566733607472
72327013897,0.7636334910338896
72327313827,94.4833165150239
72328003894,36.456166234282925
72328493839,99.53563408838212
72329003935,0.9777433151192798
72330003975,0.8419662724449625
72330613825,95.18402100823619
72330753893,86.5180926559578
72332093862,0.8514074555205435
72334013893,1.0260776448489848
72334603811,2.8350990529189235
72334703809,91.65616045845272
72335013877,27.910365227466226
72340003952,90.90069179980621
72340099999,83.52652782000608
72340313963,0.8443855383616111
72340503930,94.401429957245
72340693991,82.46011761215377
72340703953,1.3685008435964103
72340953869,2.914686728231545
72341503962,28.151668038699473
72341613925,81.17789227013301
72341793988,1.4553172713371727
72341813977,1.201625573822293
72341993992,1.933660437640987
72342453919,1.4381099126861838
72342500373,96.40565112755148
72342953920,1.1443568698090294
72343553921,32.691005637167265
72343653922,2.1159191125528776
72343953918,2.065384834826268
72344013964,0.7566115738749571
72344154921,96.89832634173766
72344353955,81.51281558749592
72344403978,81.71597005054176
72344593993,29.103302421471444
72344613971,1.9382192610539066
72344703918,84.859527269131
72344853934,81.21300204943131
72344953954,95.51480913039218
72345013971,28.36364913883204
72348453901,1.118274661950134
72348903935,1.4534791062378478
72349513987,1.1840707809249622
72351013966,1.6396176566106961
72352013902,97.12891924253847
72352593986,2.51121312396317
72352603932,33.734890658494244
72352713975,1.0285862617216652
72352803981,35.31853132313011
72353013967,0.9426923785866635
72353513909,97.30322706721502
72353653986,98.79931389365352
72353753913,34.28995264449136
72354013919,96.13739959972139
72354403954,0.9511855178540864
72354503965,31.345108363422963
72354613969,2.212178120126046
72355013945,96.80110085863203
72355593940,98.43013997150281
72355693953,1.699418855806144
72356013968,0.40376023663860827
72356453908,0.7547538899167814
72356503959,1.7888333962380079
72356599999,25.340511872714856
72356693950,1.3332865205522737
72357003948,96.6963659136738
72357503950,1.4887903293292455
72360023051,2.0780474957201176
72360423007,1.5206095189518314
72362093040,98.5632183908046
72362593057,47.67358680101063
72362603737,94.5495661410106
72362723081,1.1805598223454958
72362893942,99.60399163152127
72362953998,94.57957277764226
72363023047,1.1393060590367685
72363503024,1.3171514968742104
72364703034,99.33846877572621
72365023050,0.6776150058369687
72365493091,97.87527256868731
72365623049,0.8254151800317994
72365823090,0.7265175086915838
72366023007,28.66873228063092
72366303012,83.86504926733777
72367623048,1.6485481061095937
72367723054,0.8900790420619404
72370093167,0.9524606501380763
72371003162,0.8158840645860673
72372323184,0.7067379744235407
72374023194,0.9558584732596618
72374703101,97.71589805263888
72374799999,88.54807549412989
72375003103,0.9883348401197237
72375493027,0.8859799982068481
72375600375,98.57884003761583
72375854928,95.18106211556787
72375953990,95.2461329386204
72376123901,97.44025815454387
72376293244,97.89984562588154
72378303195,0.7922470637139434
72378853135,99.17544913449461
72380523179,1.6396176566106961
72381023114,99.0810962301166
72381523161,1.6969736488193725
72381603159,1.2288355028131555
72382023182,0.7622728206376618
72383023187,2.4701595295513847
72384023155,0.5441985798172546
72386023169,0.5336657040788562
72387003160,3.9346195171580978
72389093193,0.5599978934248523
72389403181,98.4126178610939
72389523149,98.32597753285636
72389693144,98.29172785119921
72389853119,1.1036034200295055
72391093111,36.6956614465907
72392523190,0.9128492306612012
72392623136,0.8292189366218077
72392793110,1.312296023552861
72393093214,97.11842577195213
72394023273,1.1577385915789657
72396593209,1.0243221655592518
72398093720,28.068358363542206
72399014711,27.794503594343844
72400603701,94.42266734069796
72400703719,94.01547138895891
72401013740,0.44940269817166834
72401493714,94.6422601818256
72401693736,0.7447755403236236
72401703707,93.90001304461258
72401993773,1.511137917824744
72402093739,44.9408581777881
72402603716,94.32901032793433
72403093738,1.2384906389066874
72403303706,94.64867331908803
72403513773,16.259240367559173
72403603710,98.78524026154022
72403793728,93.93249905195297
72404013721,11.05120470426515
72404303756,98.32721479531759
72404593720,1.2974592750804936
72405013743,0.7934766389593518
72405303717,94.7822330184142
72405503714,94.93534306593209
72405663805,94.1094038839969
72405713701,96.67739253046025
72405799999,91.58110882956879
72405853818,92.55354711412241
72406093721,0.3458294200774166
72406693706,1.0457335213425818
72406793744,97.84908134157793
72407093730,1.6764827216950908
72407493780,1.4239255352965627
72407513735,1.2736002247013491
72407754779,3.0483083518758507
72408013739,0.5599978934248523
72408454760,93.72051380587557
72408594732,1.2795837168787894
72408614793,55.39982161384859
72408813707,93.57829076960293
72408913781,0.9659217699002199
72409014780,98.97114773675467
72409313764,3.047965305856267
72409454743,0.9674868977658959
72409514792,1.7231017352737563
72409614706,94.24558333940853
72409754738,97.61585673775394
72410013733,0.6021293963784462
72410593760,94.43312081138812
72410613728,1.131237209868466
72410753895,93.77480490523968
72411013741,0.9699023075775264
72411353881,93.83779993640492
72411593757,93.69282697669868
72411613868,94.96092043303072
72411763802,93.09971879731775
72411893797,94.38034588759061
72412003872,1.536922118161311
72412503859,1.0436324377463158
72412753801,93.73091162941448
72414013866,1.2218135856542234
72417013729,2.3049443074195333
72417503802,1.9618710723862776
72417613736,0.9102160117266016
72417713734,1.0664536685128458
72418013781,28.15349910909426
72419003889,27.907732008531628
72420014891,27.81990521327014
72421093814,0.8338526626232128
72422093820,0.9470810768109963
72423093821,0.5801859052567827
72423353841,0.7164398076452849
72423513810,1.1281942045964595
72423603889,1.3036687597615786
72423753803,75.01496870924615
72423853886,94.02680842736937
72424013807,93.5809168603675
72424303849,1.2727224850564827
72425003860,2.1934713725214827
72427053868,1.0674000751178259
72427303804,3.6461304847756058
72427514894,1.1213474427344445
72427653859,0.8061032366389815
72428014821,0.7890879407350192
72428463825,97.39707910065566
72428693824,1.816027385236549
72428704848,1.5853091964234771
72428804804,0.7066648191769433
72429093815,0.4818790650317302
72429453844,1.7474936832667698
72429563888,78.28906489301187
72429613841,0.8763855183379105
72429793812,0.9615896659540962
72429804850,10.574274210637848
72430314813,1.467466964876646
72432093817,0.6030071360233128
72433003879,96.50907429856463
72433593894,72.3428032438972
72433693810,1.4337063632436486
72433813802,94.42781222320637
72433903865,97.89153920904138
72434013994,0.6662043904537036
72434503966,0.6915229480635076
72434753904,2.0914670426851636
72435003816,0.7759218460620211
72435463815,95.26761069462819
72435653866,0.7824662357668577
72436553896,94.80837563451777
72437303868,1.815152644751957
72437503893,0.6789524733268671
72437599999,0.0
72438093819,2.5077021653837037
72438453842,1.0587746252720294
72438504828,96.73193407522186
72438614835,0.9083370736939801
72438754807,95.29950830651617
72438814829,0.9212558291682832
72439093822,0.917237928885534
72439503958,98.17580263050404
72439693989,0.6853463389754869
72439754831,95.1658010387535
72440013995,0.9567362129045283
72442013997,32.331542746467804
72443093989,27.908692482675633
72445003945,8.648368720870016
72445303994,1.0229115894660483
72445493996,94.87567715624809
72445514938,1.2118768495766419
72445613997,50.23730303847807
72445703938,94.70245717009524
72445803963,2.1403711824205915
72445953931,76.86837098789121
72445999999,0.0
72446003947,0.6328502839487751
72446203073,95.89642481598317
72446313988,0.7127245916316303
72446453916,1.255206253209334
72446713930,95.10788179522396
72446803967,0.7294867510534766
72447593909,0.9669149251801078
72449013993,3.34067708836205
72450003928,0.5125999526020592
72450213932,1.3823570165214485
72450403974,0.7971374776874863
72450499999,63.72083661797018
72450503923,96.290038718761
72450613986,1.0194067661222224
72450713981,5.4242002781641165
72450803997,0.9601512768055817
72450953939,96.84439608269858
72451013985,0.8566738933897428
72451523064,0.801831889173748
72451623020,80.95218658416124
72451713940,84.1733319172229
72451803968,97.70105430410963
72451993967,1.0449184523469912
72452003957,1.0094005915965205
72453013969,28.335368478385003
72455013947,93.09596371239236
72455503936,10.260088516492921
72455599999,9.652121455861653
72455613989,0.9250736026900167
72456013996,1.098052295728041
72456513920,1.3754383829469985
72458013984,0.7258906863046284
72458593997,1.305449261690846
72458603919,5.051372980215396
72460493076,0.0
72462023061,9.129370046256879
72462593005,9.512670247536454
72462599999,0.0
72462703011,97.34658952000652
72463523067,2.0600549465017686
72463603013,1.766254513444563
72463699999,0.0
72464093058,0.9277708046239324
72464523070,2.101308709810496
72464603028,1.3122610829006676
72465023065,1.618551905133899
72465593990,1.0285357819382421
72466093037,0.7065804141175644
72466593010,41.351613455285325
72466693067,0.5428359510632575
72466699999,97.91666666666666
72467393009,1.6282070412274312
72467399999,12.300949010776902
72467494050,9.91449926236256
72467499999,0.0
72467523063,89.82863122677432
72467693073,9.910423917384605
72467793007,97.71390821378179
72468094015,97.29814696715201
72468903026,1.3717611195787724
72469523036,97.2652460442244
72469824015,1.589970254623466
72470093141,8.482423037110092
72472393025,84.54824278203118
72473700377,95.5320226141254
72475023176,99.1227764820552
72475423186,82.88762643757795
72475593129,0.8285862247540134
72475623159,1.1936188179446021
72476023066,0.8189310886604816
72476593013,9.483327763695197
72476793069,9.49066338465551
72476799999,0.0
72476824051,79.51274815666868
72476994035,83.22222858404835
72477003170,1.8064625561869223
72477099999,99.65743847874721
72477693075,17.310435328350547
72479599999,86.34877176971632
72479694128,1.126672701960456
72479723176,6.621271431342608
72480023157,1.9810583784637803
72481023203,99.53275698365898
72481523257,0.8101785816169339
72482893241,35.508480792899114
72483023232,0.684636922995901
72483323206,93.72413793103448
72483793216,95.89022304730724
72483893205,14.23925535296563
72483993225,0.561434472685224
72484653123,0.6993291982166291
72485523153,0.9163601892406675
72485699999,93.86541689983213
72486023154,1.4114053489453957
72488023185,0.6934143194445663
72488593102,12.557753640287112
72491523259,1.3057405309359438
72491723233,1.8864695022801463
72492023237,1.1147293489805052
72492623258,0.8645735501935417
72492723285,0.8689622484178743
72493023230,1.9186148240001828
72493593228,0.5196212821575441
72493623254,0.7268322228952151
72493893231,99.30358018636586
72494023234,0.9637581300634604
72494523293,0.6942920590894329
72495023254,1.7264984188909216
72495593227,1.167393727672498
72495723213,1.2244468045888228
72497393203,98.1735594943142
72497399999,86.08163143969797
72497593809,94.56018423996929
72498894704,0.9189450125071312
72501454780,3.8885357067175246
72501504789,1.5836532426991383
72501654790,1.1386235451374171
72502014734,0.6231951478552431
72502594741,0.8238936773957961
72502754788,1.0383640468486384
72502964707,81.76429340204167
72503014732,0.5994961774438465
72503394728,0.7085498346717053
72503504781,0.3889189964614747
72503614757,0.78382150286582
72503794745,1.69267168255369
72503814714,99.9296
72504094702,0.928648544268799
72504514758,0.9676683149486496
72504614707,1.4400693789367982
72505004781,27.938207671377164
72505394728,44.057263734431096
72505464710,93.47345944139724
72505894793,86.84454721085538
72505914702,1.7783066152680091
72505999999,98.14126394052045
72506114704,94.20488876682231
72506314756,0.5870046207799635
72506454769,0.9690301548492257
72506594726,0.5884462411162549
72506599999,63.08518023127847
72506694724,2.718870723239173
72506794720,0.660961695191524
72506854777,0.9038304808475957
72506994624,0.9706601466992666
72507014765,0.7442578923810109
72507364708,91.37749282825838
72507554768,1.0017034664319306
72507599999,99.17043740573152
72507914787,0.7506479534451562
72508014740,1.0207395314954757
72508454767,1.6064748025527547
72508554756,1.2581965342542867
72508654734,0.9487248453431792
72508714752,31.97477857091245
72508854733,0.9152180468285208
72509014739,0.6090818135542644
72509594746,0.5929420765724123
72509854704,1.3822218237830173
72510094746,28.016991697238847
72510314712,0.835304947165821
72510404843,1.12066506377603
72510514770,0.9250595278849152
72510704780,1.6705209347614411
72510954782,1.0767061431750198
72511354786,2.0792410077513064
72511493778,1.1639185257032008
72511514711,0.5706270521852784
72511654737,0.6129318846840385
72511699999,0.0
72511704827,81.32024875905745
72511799999,98.57972885732731
72511814751,46.19588095284931
72511954792,1.2070679902847734
72512464705,80.56743165102299
72512504787,35.699969955922676
72512614736,0.9640263750938985
72512704726,39.32944916865692
72512854739,96.05795866183678
72513014777,0.6907750373036075
72514014778,0.9277545180855079
72514454723,93.22209108999596
72514554746,84.55621446575253
72514654773,0.6960008475888543
72515004725,0.838219288698522
72515594761,95.68188118650424
72515614748,0.7356297355688769
72515754757,0.9723376856243989
72516594737,93.42596365414391
72517014737,1.0304663430733174
72517213762,16.974885948284463
72517564706,93.03765803529173
72518014735,0.6144069656195417
72518514750,1.5269852402052981
72519014771,1.1199564656420877
72519454778,3.706782727761749
72519664775,1.6683914510686164
72519794794,0.9540329575021683
72520094823,1.0936156020152017
72520514762,0.8801691872318412
72520754735,96.66962845953861
72520804855,1.8607873502322927
72521014895,0.5362612671915181
72521404849,1.2918527695367261
72521604842,1.193212382023571
72521753855,1.2560213222049246
72522014750,28.021592205740365
72522404852,1.0293985801960992
72522904858,0.776754421713261
72523504720,80.74330797877215
72524014820,0.5985816598792304
72524504853,2.00176050598246
72524614891,0.7650865504160158
72524704805,97.60039177277179
72525014852,0.8452113467209662
72525300380,93.46556775784659
72525404851,1.2437648746454537
72525604857,0.9984351057933688
72526014860,1.188376032368765
72526604751,0.9268361185226793
72526794868,80.55621076659692
72528014733,0.7460459564309161
72528704724,9.855158458472166
72529014768,1.279654545933279
72529214976,96.11445112447117
72529400383,94.94078975093767
72530094846,1.8194744325662224
72530594892,0.7628921436780204
72531403960,1.017206106496915
72531594870,0.6993291982166291
72531603887,0.8370758584714196
72531753802,0.8126237886037052
72532014842,0.8478890546826999
72532604894,95.50013863291635
72532704846,1.2014116995003628
72533014827,0.5248698796661195
72533594833,93.67251328343713
72533694895,0.6316784715826195
72533704807,98.43091087995501
72534014819,11.444218372663485
72534213809,1.141911662822258
72534514834,95.19819799252714
72534714880,0.8835059864865966
72534804831,95.7182005023978
72535014848,2.006407161978321
72536094830,0.7109441513872188
72536614825,1.2147703434534938
72537094847,1.496506688199979
72537354819,95.35909522406627
72537494889,2.0083300051349346
72537514822,35.47572505381333
72537614853,2.1529262299446934
72537714804,97.06263773136602
72537804887,94.59640701655314
72537899999,61.733215263242634
72538354827,94.86429606144259
72538694898,2.9275369405934946
72538794899,1.743347324666857
72539014836,1.071644856367993
72539404839,0.9299937239687339
72539514833,0.886509260071974
72539614815,1.2635983263598327
72540404847,2.620425462547885
72540704854,0.786509527768269
72540804881,95.44994591576817
72540904882,94.29967426710097
72541554821,94.76493342259911
72541614864,95.24911093464074
72541854823,94.96931280812959
72542014931,32.39932844276463
72542404885,95.45272974801698
72543094822,0.7565783699334703
72543454789,2.208003912299291
72544014923,1.5448082155709646
72545014990,1.5781758814700384
72545314930,96.41671094580234
72545404903,95.82133857432945
72545514931,1.6138599685000716
72545604921,95.74145354906054
72545704904,96.22204962596574
72545804907,96.20079751449471
72546014933,0.665326650808837
72546194988,8.65032725020173
72546214937,0.9334418671880349
72546314966,95.40576684715245
72546404977,96.11893558199655
72546514950,1.2885217986640802
72546604938,96.33426301968652
72546699999,80.94308530865763
72546704973,96.73470719196236
72546804910,96.00820277798535
72546904913,95.72259237814077
72547094908,2.081961889213647
72547294989,8.670703975091492
72547394979,95.88667982320226
72547404915,96.14757306889354
72547504953,96.26819161838027
72547604916,95.55870772090293
72547704917,96.45504587155963
72547804920,96.02051716967438
72547904937,95.83118509243573
72548094910,1.2972764216938322
72548304930,95.85566075279266
72548404942,96.80695356386502
72548514940,1.050654354905248
72548604906,95.71294597349643
72548704950,95.7680250783699
72548804955,96.18966079582518
72548904959,96.1222877286817
72549094933,82.22720417396975
72549304962,96.20541175319273
72549404966,96.01967616314818
72549504975,96.42932859309512
72549604976,96.3455122334162
72549704908,96.08964060575912
72549894998,96.88070850730689
72549994991,10.543732526958408
72550014942,0.6416276803974404
72551014939,0.8364858815578123
72551214989,96.88229751321234
72551304901,96.34581178225694
72551403757,4.360686288757619
72551594947,96.57807390251261
72552014935,1.1050742128869735
72552494958,1.0367677623910865
72552594949,0.5746236418912861
72552614905,81.8615478864611
72552794978,0.9544457938364482
72553394957,1.3313148065029023
72554014949,95.8675002029715
72554104993,96.12540983606557
72555594946,1.2888657003570672
72555599999,0.0
72555694975,96.66525340812733
72556014941,1.2393683785515541
72556404924,96.01881982639202
72556594951,81.42017846461435
72556604957,96.61388689583198
72557014943,1.1068296921767065
72561024030,48.31732871893362
72562024023,0.49416742005986186
72562194063,96.98576065504248
72562414994,96.65747917586684
72562594040,0.7824662357668577
72562624091,1.2225273680286652
72562804935,96.81254433816873
72563524044,8.523176486889614
72563624017,49.488676339158374
72564024018,1.5149786270396475
72564524022,1.2990546744024787
72565003017,8.121724933950091
72566024028,0.974291005801859
72566594073,97.61304791029562
72567024032,8.745797821450202
72568694057,1.1810349746106008
72569024089,1.4279821304756137
72570024046,17.41068881480817
72570594030,0.9414046899070007
72571094025,83.15350357033266
72571703016,12.17305544914377
72572024127,1.1217512661394378
72572424174,98.27756427516543
72574424027,0.8127917256851691
72574524057,1.7437597628231696
72575024126,0.6451171176654064
72575524101,95.9282179298065
72576024021,8.767741312571866
72576394053,17.43514088467589
72576524061,0.36628173169863154
72577504111,1.3602233565869652
72577624166,82.42388423570262
72578024156,1.0655665759676995
72578404109,3.4091557388405773
72578524145,7.260555344237353
72580524172,0.9620697215522911
72581024193,98.65570525995281
72582524121,1.198992354887693
72582699999,94.47822289208214
72582799999,94.5074935872552
72583024128,1.9003063311360584
72584523225,9.389180981137375
72584693201,97.78648703817106
72584793230,7.593058904974553
72585093228,2.6800101772538376
72586494182,22.529850442153307
72586594161,99.01826484018265
72586694178,0.9503704488584959
72586724133,1.669283602775414
72586994186,89.52612476888311
72589594236,0.772923339089685
72590523275,0.93572412114204
72591024216,1.0322218223630508
72592024257,0.9725355265121259
72593023233,32.072897459007585
72594024213,14.585062706122539
72594099999,89.78713372017857
72594524283,0.6694611598414595
72594624286,1.1799252942205722
72595524259,29.03877236684478
72595724215,21.518568521934245
72595894299,1.3049254619403532
72595899999,99.67728922952803
72597024225,0.8259530058194138
72597524235,2.357377768033326
72597694285,92.59661382226648
72598524267,89.56183305951222
72605014745,0.8162047357427463
72605504743,92.18605963691093
72605654791,0.8810034148050953
72606014764,1.0215275522830791
72606464709,86.16989030614334
72607014606,1.422133927706173
72607099999,98.49735670199745
72607314615,76.57558193026037
72607714616,94.04069648901032
72607799999,97.69989047097481
72607994601,92.39037748843921
72608304836,0.7262027988556804
72608399999,99.52451708766716
72608814606,0.6598871497338136
72611454771,1.698396397819733
72611554740,0.71555475868364
72611694765,0.6222519740145142
72613014755,73.18456226975523
72613099999,39.49182652346106
72614054742,25.925410285617858
72614594705,0.9847979496541797
72615554736,94.49491901414194
72616094700,0.9699162937786797
72616354770,1.3349633251833741
72616454728,15.128940762233887
72616594721,92.98212728502621
72616654781,0.9650259595243336
72617014742,0.5345387518651804
72618354772,0.8361517460576179
72618494709,93.40103593131856
72618514605,0.823211402092256
72619094626,0.7856176552083843
72619614610,27.58639050103828
72622394725,1.0863328615690626
72622564776,1.4704410413197573
72622794790,1.0786946828865833
72622894740,1.364414377699894
72628494836,98.53876298569263
72635094860,1.6219347364356054
72635594871,12.060801173641957
72635794815,0.9764208227038218
72635799999,98.9010989010989
72636014840,1.2743661081806932
72636404883,94.85627260612983
72637014826,1.3429062949829724
72637594817,1.6048708523176487
72637914845,0.8649545081094241
72638094814,1.1988766017202037
72638594894,94.65032314851793
72638714850,0.683899826552658
72639094849,1.220882265171064
72639404874,94.89209529062217
72639514808,96.34115023315537
72640014839,0.9364906614239573
72640404865,95.89534893204042
72640594869,97.81721625083773
72640904897,98.5962681274608
72641014837,0.5740114977838241
72641304875,95.61335561987852
72641404873,96.22210018114903
72641594854,98.44758985062944
72641614921,1.4522632179535946
72641754911,96.93392573268659
72641854912,95.90247565564471
72641994929,0.6773057738075832
72642494818,0.5355003301029432
72642504841,0.5118633292308195
72642604895,95.43487297356774
72642754908,95.63443830570903
72643014920,0.7609668755595345
72643514991,1.243800018257615
72643694930,97.3270040900691
72643794940,95.34737734587729
72643894994,1.257641209552531
72644014925,2.253118115350519
72644404963,94.76941896024465
72644904891,96.47495210532752
72645014898,2.2416486737935997
72645204826,1.0986861409056825
72645594897,82.40099130973539
72645694855,0.594980968759424
72645704825,98.77131046628239
72645804824,95.96481646028808
72646314897,1.341993241760653
72646454834,97.14632813965055
72646594890,98.59597212942637
72646654917,97.16786774413266
72646754909,95.86601014135945
72646854913,94.34932126696832
72648094853,78.63857268130373
72648794896,95.82902185160387
72649804925,95.4347879272241
72649994971,1.012315692523372
72650014972,1.2454254252622485
72650254832,95.8431500427995
72650354833,95.7643010892962
72650454838,96.61110250984845
72650504845,0.7441579929741052
72650604840,25.824046251568976
72650754907,96.17879611270226
72650894973,1.7776509903007582
72650904898,96.01301274368319
72651014944,0.8127869111464157
72651494032,7.599905666836568
72651594902,94.50310479863407
72651624024,2.0608753204664927
72651794039,1.5241790217541915
72651894990,10.738798934885798
72651994993,1.2429700872116718
72652594911,79.32286754400656
72653094943,39.01249867512413
72653099999,99.26578560939795
72653994056,3.865872246085631
72654014936,1.1050742128869735
72654404958,96.37876192806459
72654594950,1.4491926741598677
72654614946,0.9014386152779363
72654704931,96.42387264414695
72654804971,96.64344676824692
72654954905,97.50183508686078
72655014926,0.9496809528407045
72655304951,97.25022839989559
72655454906,97.39178407740621
72655594938,0.9780827947085722
72655614992,0.764511230678756
72655714910,1.2060142720466256
72655804914,96.29799276938932
72655994976,93.59801084253863
72656024025,1.3194082653840096
72656194997,96.72373394727603
72656204943,96.68358657816252
72656394969,96.65253546388391
72656404967,95.75897406631393
72656504948,97.3019597019045
72656604965,96.70677592132351
72656704980,96.33930537320492
72656804961,96.60922961501137
72656904933,95.93220835530556
72657294966,96.72496757693659
72657494985,1.4483657999836987
72657594960,26.44491356193302
72657599999,0.0
72657614928,98.34540548217583
72657794974,98.25307125307125
72657804944,95.9689097975046
72657994963,26.478115575841553
72658014922,1.1304988940771687
72658304941,97.2421005628606
72658414927,24.056478177848444
72658514954,97.32980024459846
72658694948,93.20576114896568
72658794927,93.05230641388094
72658804956,96.07047064674184
72658994968,96.32871144327531
72659014929,0.928648544268799
72659304946,95.5240432836186
72659604978,96.09449902895119
72660304974,95.53680606505259
72660500386,91.23643102991792
72662024090,1.3139762483652098
72662524006,97.33321980501512
72662604864,95.51209411150877
72662794037,3.5854209617418165
72665094023,7.72766914719331
72665494054,1.3823570165214485
72666024029,0.6714708283229028
72666494173,12.275109735038377
72666524062,1.235857419972088
72666724048,8.30799827205373
72667624087,97.78309187843449
72667904969,96.56678741783729
72668254914,95.90467338486124
72668594052,1.7955969972858203
72668624025,1.4090343970161625
72669024057,12.673104183578273
72669099999,98.76413105958996
72670024045,97.86499436302142
72671024164,7.478946207274303
72672024061,16.670096359455663
72676494163,96.63602754988352
72677024033,0.9786797040261916
72677624036,0.9121408302839884
72677794055,1.0962677990691914
72678524135,0.7235982276624908
72679624138,69.52773758641145
72679724132,8.37180725006583
72679824150,9.53488576218522
72681024131,1.556232390348375
72681394195,97.11236660389203
72681524106,97.47074836429628
72681604110,1.4940214689173439
72681724154,1.8865054008823976
72681894194,14.587834342573716
72682404112,1.7314699997717744
72683094185,1.527266982067779
72683524230,0.870285951098218
72683604201,0.9528001238884677
72683724162,1.5123454081050478
72686524196,84.49249728989558
72687594107,3.712466431848093
72687600387,98.38843014471821
72688024155,1.075212189834198
72688194273,1.2152480622050517
72688304113,1.141911662822258
72688424148,82.71479681742939
72688524152,1.3434255068274314
72688624130,1.5325334199369782
72690424231,0.9281166079620232
72691724284,79.71836576068532
72692024230,28.06285940037751
72693024221,0.9330372424931318
72694024232,0.7320220133238539
72694524202,79.00708294957168
72695024285,87.31396264408617
72695824285,86.82529674607309
72695994281,0.9291559351872983
72698024229,1.0707953727596677
72698524242,0.9347516983516774
72698694261,0.9030743650767775
72698824219,0.9224962696392521
72703314609,0.8688631057906654
72711994605,87.74718843824742
72712014607,0.9829476141579563
72713014604,93.65634745569331
72713594623,1.154053040799361
72734014847,1.373554038161105
72734404869,85.4139140363755
72734499999,99.48051948051948
72734714841,1.6562365600835578
72741504803,0.5958105795093325
72743554820,95.35348303799341
72743794893,0.47600029342483846
72744014858,0.9514447214127725
72744404979,95.18097831847943
72744594926,96.10200037512129
72744904954,97.1317722045171
72745014913,1.1893372187941613
72745204912,97.14766627240469
72745394967,0.7424932863696186
72745404911,96.06262371783336
72745594931,1.0129115501759867
72745794962,96.46332701978969
72745894919,96.85382937191412
72745994964,95.44987440054807
72746604918,96.60124110149798
72746704926,96.6671594474285
72746804928,96.21903520208605
72746994992,1.4140870784227428
72747014918,1.3762957631507342
72747394977,97.40329102978204
72747404923,95.8535869246077
72747504940,95.82660731464723
72747694961,1.024732025348234
72747704970,96.71660528958822
72747804934,96.66609340834827
72748604983,96.86640921586596
72749704984,97.7304432243696
72750304909,95.71634768284827
72750494999,96.22514930868036
72750504929,96.98609532996004
72750604952,97.6465215653975
72750754904,96.7887025019387
72750854915,97.94369986384291
72751454910,96.0408163265306
72751504982,97.49278646300311
72751704932,95.55586355335247
72753014914,1.4577454684585585
72753304922,97.94028165215705
72753514919,0.7171132898559629
72755014958,96.87068831794394
72755594956,96.99116635205478
72755604905,95.76812350652845
72756604902,95.96822859752417
72757014916,1.3545112007656985
72757099999,98.56371728905584
72757394928,97.462290144551
72757594925,96.30905888659163
72757614916,1.2623928081864262
72758494038,0.9943841746203816
72763024012,35.88961638177264
72764024011,0.814542390436149
72764524012,0.6184449615862795
72767094014,0.6615962123171025
72767594011,96.82596841401306
72767624013,0.6907811005099667
72767794041,0.8443977145837919
72768094008,2.0793104658919357
72768494051,1.3800201414326978
72768694017,1.0131307615189626
72768794028,97.39353800953624
72769024137,27.955609837534816
72770024138,33.75345261913055
72772024144,8.349937241615391
72773024153,1.4499877119685427
72774024135,35.444894231698
72775024143,1.2384906389066874
72775524112,44.68870667507653
72777094012,1.1910926980838943
72779024146,0.9127691132974661
72779624137,0.5132291998724897
72781024243,1.140183798681635
72781524237,54.71785870996051
72782594239,0.7048187483542526
72782624141,0.984986133690351
72782724110,0.5865392661792787
72783024149,8.896865866823475
72783304114,40.43743293532111
72783424136,94.0827968380735
72784524163,0.5606609256610778
72784624160,1.401370497392565
72785024157,0.742476501408599
72785524114,95.07806600045663
72785694176,0.7155664221678891
72785794129,0.5851623051156878
72787094119,1.1556492350183523
72787099999,99.02196568863235
72788324220,0.8147398690026094
72788594266,1.2640586797066014
72788599999,99.1869918699187
72789094197,0.7808360977756768
72789099999,31.294236602628917
72790024141,28.227117363301673
72791094224,0.882058663483649
72791894298,1.3016227494641095
72792024227,1.4253115674916623
72792394225,1.1698729200308924
72792424223,89.22061596480201
72792594227,0.695968124133331
72792894263,74.36979926486768
72793024233,0.7205799747226513
72793494248,0.9788819065783148
72793524234,1.0772156713579308
72793724222,1.222543705937487
72793894274,1.4841438665982052
72794504205,81.13389036070919
72797094240,0.9354898157980185
72797624217,2.06500365754629
72798594276,1.0212315090264479
72798599999,99.60522320072882
74000154793,3.1812142897896307
74000203042,98.01041684111806
74003024103,99.88516196947222
74003503145,25.31105215221954
74206024207,88.8328214129004
74207024201,90.43806686703726
74207703763,94.17970037727555
74207864773,92.73008173587316
74230024037,1.003256414082455
74251353937,95.60796561038867
74331253925,2.8604249556862356
74370014715,91.70052487488447
74392014611,38.64895283914109
74394514710,1.433841706918191
74394654754,93.14762595556715
74394699999,0.0
74410414763,0.7400766158611133
74421494852,95.23337690264367
74455094982,8.316148962009635
74465253897,94.74812869979289
74465363814,95.66227730441518
74465504808,0.905534273371913
74465653891,95.0956811010461
74465753887,94.5632144546092
74465853889,94.79477520669242
74465953822,95.00595208975426
74466263817,96.50673194614443
74466353950,95.95025484199796
74466504838,0.9951992436159721
74466653944,94.98222497635432
74467204862,96.09771211454104
74486094789,0.8364858815578123
74486454787,1.1288705588928103
74486514719,3.500897666068223
74490494723,1.083111929715897
74490499999,0.0
74490714753,54.09882315008867
74491014703,93.24739456231518
74491514775,0.8474253938550249
74498914747,1.1273819938381957
74504693242,0.9503704488584959
74504893210,1.9105217256640776
74505653120,1.489131054943801
74505823277,1.7654394444489727
74509023244,2.3101981374314953
74516023202,96.39045029766328
74531093065,97.42750534026422
74543093978,97.46147316181272
74543103998,1.5258091597453725
74570013840,94.93925905517912
74594013705,93.16754777669422
74594493784,3.2713356564175933
74594693786,1.5143981938071058
74596603726,94.79714576962283
74598013702,94.10342047679373
74598563806,93.20533202886145
74611003182,99.12376779846659
74612093104,25.013107439885683
74614023112,99.20122749221535
74614123141,68.28308762630445
74641013975,1.137334665238479
74641099999,99.39928863127388
74671013806,93.54378692459632
74671693808,0.8268307454642804
74692503741,95.2035808045396
74692903702,95.30033347737816
74693093737,94.29883793334896
74693503709,94.65330876958443
74693603712,94.66418792756211
74693993785,1.1382818769659346
74694003708,96.10156069554888
74694313786,1.5173182002920236
74702023110,12.292143895404145
74704003102,0.7029342178335324
74718503144,0.7270415440667053
74718603164,3.4868651631360597
74718699999,10.784705949591359
74718703104,1.4342955709328626
74718823158,0.6844825726588621
74724003148,3.8461538461538463
74732023002,98.48665223665223
74733503059,98.80313431800846
74735553997,97.00324021367895
74736093042,28.191615712840363
74739013961,29.39823148725424
74740013973,3.091420402300779
74746003904,15.017291694793796
74754093915,1.8542819649683346
74756012816,28.048170351710276
74757093874,33.216421676083016
74758013978,27.97368629069798
74759013833,32.869087691149836
74768013939,32.97846840517419
74768613820,95.19302087380356
74768853858,1.5785589848534411
74775013846,95.49551959341981
74776003818,2.788153580476078
74777003852,95.79683618773696
74780413824,95.29983503499933
74780499999,0.9778927742475553
74780703821,95.24532119372788
74780863803,14.476670870113493
74781013857,95.49544738458252
74781263813,88.12291115877687
74782053860,35.85272394068973
74783012849,34.72221099842418
74787012834,28.102590209692003
74788012810,96.20589227681981
74790013849,94.8158665365161
74791013717,97.94630564479118
74791593718,1.133519463822471
74791700390,95.0587888238021
74791800391,94.72624348331954
74793012843,1.0225593060166227
74793112876,32.221624083813
74794012868,97.28014505893019
74794612886,95.6459119782902
74795012867,96.89294809870906
74917100479,97.19268576260438
74917900392,96.87201942252666
74923000393,85.06036813251909
78526011641,17.56631032000983
78535011630,55.158978103214665
78543011640,5.325843682801597
91162022501,52.8242821235433
91165022536,0.8761376930033435
91170022508,99.3500344352617
91176022519,22.965049874362293
91178022551,1.9162272086332108
91182022521,0.9682317118701723
91186022534,13.026721692456562
91190022516,1.5332409627558512
91190499999,82.76610324349018
91190522524,88.29735539504352
91190599999,85.51188299817186
91197521510,1.8200490671535345
91197721508,89.02254634154491
91285021504,1.0611025843116109
99999903033,98.58421398594326
99999903841,91.22844286514359
99999904134,22.397415412708725
99999912884,1.6255343833940756
99999912946,49.33004550976375
99999913752,13.189581380181794
99999914763,0.2631578947368421
99999923122,98.77028669478801
99999923271,96.04837097741355
99999923272,87.39431508327284
99999927503,1.339132425317615
99999953848,25.04705949460955
99999963871,44.06411254781485
99999993776,91.62570224719101
99999993804,93.28106558759063
99999993816,95.3908371179075
A0000253928,97.21898760189053
A0000363844,95.04128445620184
A0000453929,97.33985978796646
A0000594076,98.22776086831678
A0000812978,97.53157027818447
A0000953862,63.98461310169279
A0001363847,96.23141215991562
A0001704868,96.99526651574398
A0001953969,98.36259458714648
A0002363890,42.10964782142286
A0002453848,51.6855727752037
A0003103725,95.7145484642266
A0003225715,84.0940947041258
